{
"girlsBenchmark" : [
 {
   "title": "Angie",
   "wod": "100 Pull-ups\n100 Push-ups\n100 Sit-ups\n100 Squats\nFor Time\nComplete all reps of each exercise before moving to the next."
 },
 {
   "title": "Barbara",
   "wod": "20 Pull-ups\n30 Push-ups\n40 Sit-ups\n50 Squats\n5 rounds for time"
 },
 {
   "title": "Chelsea",
   "wod": "5 Pull-ups\n10 Push-ups\n15 Squats\nEach min on the min for 30 min"
 },
 {
   "title": "Cindy",
   "wod": "5 Pull-ups\n10 Push-ups\n15 Squats\nAs many rounds as possible in 20 min"
 },
 {
   "title": "Diane",
   "wod": "Deadlift 225 lbs\nHandstand push-ups\n21-15-9 reps, for time"
 },
 {
   "title": "Elizabeth",
   "wod": "Clean 135 lbs\nRing Dips\n21-15-9 reps, for time"
 },
 {
   "title": "Fran",
   "wod": "Thruster 95 lbs\nPull-ups\n21-15-9 reps, for time"
 },
 {
   "title": "Grace",
   "wod": "Clean and Jerk 135 lbs\n30 reps for time"
 },
 {
   "title": "Helen",
   "wod": "400 meter run\n1.5 pood Kettlebell swing x 21\nPull-ups 12 reps\n3 rounds for time"
 },
 {
   "title": "Isabel",
   "wod": "Snatch 135 pounds\n30 reps for time"
 },
 {
   "title": "Jackie",
   "wod": "1000 meter row\nThruster 45 lbs (50 reps)\nPull-ups (30 reps)\nFor time"
 },
 {
   "title": "Karen ",
   "wod": "Wall-ball 150 shots\nFor time\n"
 },
 {
   "title": "Linda\n(aka �3 bars of death�)",
   "wod": "Deadlift 1 1/2 BW\nBench BW\nClean 3/4 BW\n10/9/8/7/6/5/4/3/2/1 rep\nrounds for time"
 },
 {
   "title": "Mary",
   "wod": "5 Handstand push-ups\n10 1-legged squats\n15 Pull-ups\nAs many rounds as possible in 20 min"
 },
 {
   "title": "Nancy",
   "wod": "400 meter run\nOverhead squat 95 lbs x 15\n5 rounds for time"
 },
 {
   "title": "Annie",
   "wod": "Double-unders\nSit-ups\n50-40-30-20 and 10 rep rounds; for time"
 },
 {
   "title": "Eva",
   "wod": "Run 800 meters\n2 pood KB swing, 30 reps\n30 pullups\n5 rounds for time."
 },
 {
   "title": "Kelly",
   "wod": "Run 400 meters\n30 box jump, 24 inch box\n30 Wall ball shots, 20 pound ball\nFive rounds for time"
 },
 {
   "title": "Lynne",
   "wod": "Bodyweight bench press (e.g., same amount on bar as you weigh)\npullups\n5 rounds for max reps. There is NO time component to this WOD."
 },
 {
   "title": "Nicole",
   "wod": "Run 400 meters\nMax rep Pull-ups\nAs many rounds as possible in 20 minutes.\nNote number of pull-ups completed for each round."
 }
]
}